statefips,year,dem_prop,rep_prop
1,1976,0.8492,0.1508
1,1977,0.8492,0.1508
1,1978,0.737,0.263
1,1979,0.737,0.263
1,1980,0.737,0.263
1,1981,0.737,0.263
1,1982,0.5961,0.4039
1,1983,0.5961,0.4039
1,1984,0.5961,0.4039
1,1985,0.5961,0.4039
1,1986,0.4355,0.5645
1,1987,0.4355,0.5645
1,1988,0.4355,0.5645
1,1989,0.4355,0.5645
1,1990,0.4789,0.5211
1,1991,0.4789,0.5211
1,1992,0.4789,0.5211
1,1993,0.4789,0.5211
1,1994,0.4955,0.5045
1,1995,0.4955,0.5045
1,1996,0.4955,0.5045
1,1997,0.4955,0.5045
1,1998,0.5787,0.4213
1,1999,0.5787,0.4213
1,2000,0.5787,0.4213
1,2001,0.5787,0.4213
1,2002,0.4988,0.5012
1,2003,0.4988,0.5012
1,2004,0.4988,0.5012
1,2005,0.4988,0.5012
1,2006,0.4198,0.5802
1,2007,0.4198,0.5802
1,2008,0.4198,0.5802
1,2009,0.4198,0.5802
1,2010,0.421,0.579
1,2014,0.36314131,0.63685869
1,2018,0.404195464,0.595804536
2,1976,0.4984,0.5016
2,1977,0.4984,0.5016
2,1978,0.341,0.659
2,1979,0.341,0.659
2,1980,0.341,0.659
2,1981,0.341,0.659
2,1982,0.5543,0.4457
2,1983,0.5543,0.4457
2,1984,0.5543,0.4457
2,1985,0.5543,0.4457
2,1986,0.5261,0.4739
2,1987,0.5261,0.4739
2,1988,0.5261,0.4739
2,1989,0.5261,0.4739
2,1990,0.5414,0.4586
2,1991,0.5414,0.4586
2,1992,0.5414,0.4586
2,1993,0.5414,0.4586
2,1994,0.5015,0.4985
2,1995,0.5015,0.4985
2,1996,0.5015,0.4985
2,1997,0.5015,0.4985
2,1998,0.7291,0.2709
2,1999,0.7291,0.2709
2,2000,0.7291,0.2709
2,2001,0.7291,0.2709
2,2002,0.4216,0.5784
2,2003,0.4216,0.5784
2,2004,0.4216,0.5784
2,2005,0.4216,0.5784
2,2006,0.4588,0.5412
2,2007,0.4588,0.5412
2,2008,0.4588,0.5412
2,2009,0.4588,0.5412
2,2010,0.3894,0.6106
2,2014,0.065383496,0.934616504
2,2018,0.463348933,0.536651067
4,1976,0.5043,0.4957
4,1977,0.5043,0.4957
4,1978,0.5396,0.4604
4,1979,0.5396,0.4604
4,1980,0.5396,0.4604
4,1981,0.5396,0.4604
4,1982,0.6580001,0.3419999
4,1983,0.6580001,0.3419999
4,1984,0.6580001,0.3419999
4,1985,0.6580001,0.3419999
4,1986,0.4651,0.5349
4,1987,0.4651,0.5349
4,1988,0.4651,0.5349
4,1989,0.4651,0.5349
4,1990,0.4979,0.5021
4,1991,0.4764,0.5236
4,1992,0.4764,0.5236
4,1993,0.4764,0.5236
4,1994,0.4576,0.5424
4,1995,0.4576,0.5424
4,1996,0.4576,0.5424
4,1997,0.4576,0.5424
4,1998,0.3728,0.6272
4,1999,0.3728,0.6272
4,2000,0.3728,0.6272
4,2001,0.3728,0.6272
4,2002,0.5053,0.4947
4,2003,0.5053,0.4947
4,2004,0.5053,0.4947
4,2005,0.5053,0.4947
4,2006,0.6385,0.3615
4,2007,0.6385,0.3615
4,2008,0.6385,0.3615
4,2009,0.6385,0.3615
4,2010,0.4387,0.5613
4,2014,0.437799192,0.562200808
4,2018,0.427636027,0.572363973
5,1976,0.8325,0.1675
5,1977,0.8325,0.1675
5,1978,0.6336,0.3664
5,1979,0.6336,0.3664
5,1980,0.4807,0.5193
5,1981,0.4807,0.5193
5,1982,0.5471,0.4529
5,1983,0.5471,0.4529
5,1984,0.6246,0.3754
5,1985,0.6246,0.3754
5,1986,0.6389,0.3611
5,1987,0.6389,0.3611
5,1988,0.6389,0.3611
5,1989,0.6389,0.3611
5,1990,0.575,0.425
5,1991,0.575,0.425
5,1992,0.575,0.425
5,1993,0.575,0.425
5,1994,0.5984,0.4016
5,1995,0.5984,0.4016
5,1996,0.5984,0.4016
5,1997,0.5984,0.4016
5,1998,0.3923,0.6077
5,1999,0.3923,0.6077
5,2000,0.3923,0.6077
5,2001,0.3923,0.6077
5,2002,0.4697,0.5303
5,2003,0.4697,0.5303
5,2004,0.4697,0.5303
5,2005,0.4697,0.5303
5,2006,0.5776,0.4224
5,2007,0.5776,0.4224
5,2008,0.5776,0.4224
5,2009,0.5776,0.4224
5,2010,0.6569999,0.3430001
5,2014,0.428080443,0.571919557
5,2018,0.327183627,0.672816373
6,1976,0.5147,0.4853
6,1977,0.5147,0.4853
6,1978,0.6056,0.3944
6,1979,0.6056,0.3944
6,1980,0.6056,0.3944
6,1981,0.6056,0.3944
6,1982,0.4939,0.5061
6,1983,0.4939,0.5061
6,1984,0.4939,0.5061
6,1985,0.4939,0.5061
6,1986,0.3817,0.6183
6,1987,0.3817,0.6183
6,1988,0.3817,0.6183
6,1989,0.3817,0.6183
6,1990,0.4818,0.5182
6,1991,0.4818,0.5182
6,1992,0.4818,0.5182
6,1993,0.4818,0.5182
6,1994,0.424,0.576
6,1995,0.424,0.576
6,1996,0.424,0.576
6,1997,0.424,0.576
6,1998,0.6017,0.3983
6,1999,0.6017,0.3983
6,2000,0.6017,0.3983
6,2001,0.6017,0.3983
6,2002,0.5271,0.4729
6,2003,0.5271,0.4729
6,2004,0.5271,0.4729
6,2005,0.5271,0.4729
6,2006,0.4105,0.5895
6,2007,0.4105,0.5895
6,2008,0.4105,0.5895
6,2009,0.4105,0.5895
6,2010,0.5681,0.4319
6,2014,0.599702005,0.400297995
6,2018,0.619485271,0.380514729
8,1976,0.538,0.462
8,1977,0.538,0.462
8,1978,0.604,0.396
8,1979,0.604,0.396
8,1980,0.604,0.396
8,1981,0.604,0.396
8,1982,0.6747,0.3253
8,1983,0.6747,0.3253
8,1984,0.6747,0.3253
8,1985,0.6747,0.3253
8,1986,0.5866,0.4134
8,1987,0.5866,0.4134
8,1988,0.5866,0.4134
8,1989,0.5866,0.4134
8,1990,0.6359,0.3641
8,1991,0.6359,0.3641
8,1992,0.6359,0.3641
8,1993,0.6359,0.3641
8,1994,0.589,0.411
8,1995,0.589,0.411
8,1996,0.589,0.411
8,1997,0.589,0.411
8,1998,0.4954,0.5046
8,1999,0.4954,0.5046
8,2000,0.4954,0.5046
8,2001,0.4954,0.5046
8,2002,0.3496,0.6504
8,2003,0.3496,0.6504
8,2004,0.3496,0.6504
8,2005,0.3496,0.6504
8,2006,0.5866,0.4134
8,2007,0.5866,0.4134
8,2008,0.5866,0.4134
8,2009,0.5866,0.4134
8,2010,0.8209,0.1791
8,2014,0.517545258,0.482454742
8,2018,0.555168995,0.444831005
9,1976,0.5938,0.4062
9,1977,0.5938,0.4062
9,1978,0.5921,0.4079
9,1979,0.5921,0.4079
9,1980,0.5921,0.4079
9,1981,0.5921,0.4079
9,1982,0.5374,0.4626
9,1983,0.5374,0.4626
9,1984,0.5374,0.4626
9,1985,0.5374,0.4626
9,1986,0.5849,0.4151
9,1987,0.5849,0.4151
9,1988,0.5849,0.4151
9,1989,0.5849,0.4151
9,1990,0.339,0.661
9,1991,0.339,0.661
9,1992,0.339,0.661
9,1993,0.339,0.661
9,1994,0.4747,0.5253
9,1995,0.4747,0.5253
9,1996,0.4747,0.5253
9,1997,0.4747,0.5253
9,1998,0.3604,0.6396
9,1999,0.3604,0.6396
9,2000,0.3604,0.6396
9,2001,0.3604,0.6396
9,2002,0.4389,0.5611
9,2003,0.4389,0.5611
9,2004,0.4389,0.5611
9,2005,0.4389,0.5611
9,2006,0.3593,0.6407
9,2007,0.3593,0.6407
9,2008,0.3593,0.6407
9,2009,0.3593,0.6407
9,2010,0.5028,0.4972
9,2014,0.512964449,0.487035551
9,2018,0.516499485,0.483500515
10,1976,0.4275,0.5725
10,1977,0.4275,0.5725
10,1978,0.4275,0.5725
10,1979,0.4275,0.5725
10,1980,0.2877,0.7123
10,1981,0.2877,0.7123
10,1982,0.2877,0.7123
10,1983,0.2877,0.7123
10,1984,0.4447,0.5553
10,1985,0.4447,0.5553
10,1986,0.4447,0.5553
10,1987,0.4447,0.5553
10,1988,0.2927,0.7073
10,1989,0.2927,0.7073
10,1990,0.2927,0.7073
10,1991,0.2927,0.7073
10,1992,0.6641001,0.3358999
10,1993,0.6641001,0.3358999
10,1994,0.6641001,0.3358999
10,1995,0.6641001,0.3358999
10,1996,0.695,0.305
10,1997,0.695,0.305
10,1998,0.695,0.305
10,1999,0.695,0.305
10,2000,0.5985,0.4015
10,2001,0.5985,0.4015
10,2002,0.5985,0.4015
10,2003,0.5985,0.4015
10,2004,0.5263,0.4737
10,2005,0.5263,0.4737
10,2006,0.5263,0.4737
10,2007,0.5263,0.4737
10,2008,0.6781,0.3219
10,2009,0.6781,0.3219
10,2010,0.6781,0.3219
10,2012,0.708062886,0.291937114
10,2016,0.598194848,0.401805152
12,1976,0.6121,0.3879
12,1977,0.6121,0.3879
12,1978,0.5559,0.4441
12,1979,0.5559,0.4441
12,1980,0.5559,0.4441
12,1981,0.5559,0.4441
12,1982,0.647,0.353
12,1983,0.647,0.353
12,1984,0.647,0.353
12,1985,0.647,0.353
12,1986,0.4544,0.5456
12,1987,0.4544,0.5456
12,1988,0.4544,0.5456
12,1989,0.4544,0.5456
12,1990,0.5652,0.4348
12,1991,0.5652,0.4348
12,1992,0.5652,0.4348
12,1993,0.5652,0.4348
12,1994,0.5076,0.4924
12,1995,0.5076,0.4924
12,1996,0.5076,0.4924
12,1997,0.5076,0.4924
12,1998,0.4473,0.5527
12,1999,0.4473,0.5527
12,2000,0.4473,0.5527
12,2001,0.4473,0.5527
12,2002,0.4352,0.5648
12,2003,0.4352,0.5648
12,2004,0.4352,0.5648
12,2005,0.4352,0.5648
12,2006,0.4636,0.5364
12,2007,0.4636,0.5364
12,2008,0.4636,0.5364
12,2009,0.4636,0.5364
12,2010,0.4941,0.5059
12,2014,0.494340022,0.505659978
12,2018,0.498001024,0.501998976
13,1976,0.6911,0.3089
13,1977,0.6911,0.3089
13,1978,0.8066,0.1934
13,1979,0.8066,0.1934
13,1980,0.8066,0.1934
13,1981,0.8066,0.1934
13,1982,0.6282,0.3718
13,1983,0.6282,0.3718
13,1984,0.6282,0.3718
13,1985,0.6282,0.3718
13,1986,0.7051,0.2949
13,1987,0.7051,0.2949
13,1988,0.7051,0.2949
13,1989,0.7051,0.2949
13,1990,0.5429,0.4571
13,1991,0.5429,0.4571
13,1992,0.5429,0.4571
13,1993,0.5429,0.4571
13,1994,0.5105,0.4895
13,1995,0.5105,0.4895
13,1996,0.5105,0.4895
13,1997,0.5105,0.4895
13,1998,0.5436,0.4564
13,1999,0.5436,0.4564
13,2000,0.5436,0.4564
13,2001,0.5436,0.4564
13,2002,0.4736,0.5264
13,2003,0.4736,0.5264
13,2004,0.4736,0.5264
13,2005,0.4736,0.5264
13,2006,0.3974,0.6026
13,2007,0.3974,0.6026
13,2008,0.3974,0.6026
13,2009,0.3974,0.6026
13,2010,0.4477,0.5523
13,2014,0.459750903,0.540249097
13,2018,0.492987994,0.507012006
15,1976,0.5458,0.4542
15,1977,0.5458,0.4542
15,1978,0.5518,0.4482
15,1979,0.5518,0.4482
15,1980,0.5518,0.4482
15,1981,0.5518,0.4482
15,1982,0.6338,0.3662
15,1983,0.6338,0.3662
15,1984,0.6338,0.3662
15,1985,0.6338,0.3662
15,1986,0.5197,0.4803
15,1987,0.5197,0.4803
15,1988,0.5197,0.4803
15,1989,0.5197,0.4803
15,1990,0.6078,0.3922
15,1991,0.6078,0.3922
15,1992,0.6078,0.3922
15,1993,0.6078,0.3922
15,1994,0.5557,0.4443
15,1995,0.5557,0.4443
15,1996,0.5557,0.4443
15,1997,0.5557,0.4443
15,1998,0.5065,0.4935
15,1999,0.5065,0.4935
15,2000,0.5065,0.4935
15,2001,0.5065,0.4935
15,2002,0.477,0.523
15,2003,0.477,0.523
15,2004,0.477,0.523
15,2005,0.477,0.523
15,2006,0.3611,0.6389
15,2007,0.3611,0.6389
15,2008,0.3611,0.6389
15,2009,0.3611,0.6389
15,2010,0.5861,0.4139
15,2014,0.571526851,0.428473149
15,2018,0.650290851,0.349709149
16,1976,0.7282,0.2718
16,1977,0.7282,0.2718
16,1978,0.5976,0.4024
16,1979,0.5976,0.4024
16,1980,0.5976,0.4024
16,1981,0.5976,0.4024
16,1982,0.5064,0.4936
16,1983,0.5064,0.4936
16,1984,0.5064,0.4936
16,1985,0.5064,0.4936
16,1986,0.5047,0.4953
16,1987,0.5047,0.4953
16,1988,0.5047,0.4953
16,1989,0.5047,0.4953
16,1990,0.6821,0.3179
16,1991,0.6821,0.3179
16,1992,0.6821,0.3179
16,1993,0.6821,0.3179
16,1994,0.4563,0.5437
16,1995,0.4563,0.5437
16,1996,0.4563,0.5437
16,1997,0.4563,0.5437
16,1998,0.3004,0.6996
16,1999,0.3004,0.6996
16,2000,0.3004,0.6996
16,2001,0.3004,0.6996
16,2002,0.4258,0.5742
16,2003,0.4258,0.5742
16,2004,0.4258,0.5742
16,2005,0.4258,0.5742
16,2006,0.4558,0.5442
16,2007,0.4558,0.5442
16,2008,0.4558,0.5442
16,2009,0.4558,0.5442
16,2010,0.3573,0.6427
16,2014,0.418781005,0.581218995
16,2018,0.389850896,0.610149104
17,1976,0.3488,0.6512
17,1977,0.3488,0.6512
17,1978,0.4045,0.5955
17,1979,0.4045,0.5955
17,1980,0.4045,0.5955
17,1981,0.4045,0.5955
17,1982,0.4993,0.5007
17,1983,0.4993,0.5007
17,1984,0.4993,0.5007
17,1985,0.4993,0.5007
17,1986,0.112,0.888
17,1987,0.112,0.888
17,1988,0.112,0.888
17,1989,0.112,0.888
17,1990,0.487,0.513
17,1991,0.487,0.513
17,1992,0.487,0.513
17,1993,0.487,0.513
17,1994,0.3503,0.6497
17,1995,0.3503,0.6497
17,1996,0.3503,0.6497
17,1997,0.3503,0.6497
17,1998,0.4819,0.5181
17,1999,0.4819,0.5181
17,2000,0.4819,0.5181
17,2001,0.4819,0.5181
17,2002,0.5366,0.4634
17,2003,0.5366,0.4634
17,2004,0.5366,0.4634
17,2005,0.5366,0.4634
17,2006,0.5591,0.4409
17,2007,0.5591,0.4409
17,2008,0.5591,0.4409
17,2009,0.5591,0.4409
17,2010,0.5046,0.4954
17,2014,0.478337795,0.521662205
17,2018,0.584088506,0.415911494
18,1976,0.4262,0.5738
18,1977,0.4262,0.5738
18,1978,0.4262,0.5738
18,1979,0.4262,0.5738
18,1980,0.4205,0.5795
18,1981,0.4205,0.5795
18,1982,0.4205,0.5795
18,1983,0.4205,0.5795
18,1984,0.4745,0.5255
18,1985,0.4745,0.5255
18,1986,0.4745,0.5255
18,1987,0.4745,0.5255
18,1988,0.5318,0.4682
18,1989,0.5318,0.4682
18,1990,0.5318,0.4682
18,1991,0.5318,0.4682
18,1992,0.545,0.455
18,1993,0.545,0.455
18,1994,0.545,0.455
18,1995,0.545,0.455
18,1996,0.5241,0.4759
18,1997,0.5241,0.4759
18,1998,0.5241,0.4759
18,1999,0.5241,0.4759
18,2000,0.5757,0.4243
18,2001,0.5757,0.4243
18,2002,0.5757,0.4243
18,2003,0.5757,0.4243
18,2004,0.4609,0.5391
18,2005,0.4609,0.5391
18,2006,0.4609,0.5391
18,2007,0.4609,0.5391
18,2008,0.409,0.591
18,2009,0.409,0.591
18,2010,0.409,0.591
18,2012,0.484768768,0.515231232
18,2016,0.469255752,0.530744248
19,1976,0.4146,0.5854
19,1977,0.4146,0.5854
19,1978,0.4127,0.5873
19,1979,0.4127,0.5873
19,1980,0.4127,0.5873
19,1981,0.4127,0.5873
19,1982,0.4685,0.5315
19,1983,0.4685,0.5315
19,1984,0.4685,0.5315
19,1985,0.4685,0.5315
19,1986,0.4804,0.5196
19,1987,0.4804,0.5196
19,1988,0.4804,0.5196
19,1989,0.4804,0.5196
19,1990,0.3906,0.6094
19,1991,0.3906,0.6094
19,1992,0.3906,0.6094
19,1993,0.3906,0.6094
19,1994,0.4225,0.5775
19,1995,0.4225,0.5775
19,1996,0.4225,0.5775
19,1997,0.4225,0.5775
19,1998,0.5293,0.4707
19,1999,0.5293,0.4707
19,2000,0.5293,0.4707
19,2001,0.5293,0.4707
19,2002,0.542,0.458
19,2003,0.542,0.458
19,2004,0.542,0.458
19,2005,0.542,0.458
19,2006,0.549,0.451
19,2007,0.549,0.451
19,2008,0.549,0.451
19,2009,0.549,0.451
19,2010,0.45,0.55
19,2014,0.387171156,0.612828844
19,2018,0.486023997,0.513976003
20,1976,0.4976,0.5024
20,1977,0.4976,0.5024
20,1978,0.5111,0.4889
20,1979,0.5111,0.4889
20,1980,0.5111,0.4889
20,1981,0.5111,0.4889
20,1982,0.5446,0.4554
20,1983,0.5446,0.4554
20,1984,0.5446,0.4554
20,1985,0.5446,0.4554
20,1986,0.481,0.519
20,1987,0.481,0.519
20,1988,0.481,0.519
20,1989,0.481,0.519
20,1990,0.5329,0.4671
20,1991,0.5329,0.4671
20,1992,0.5329,0.4671
20,1993,0.5329,0.4671
20,1994,0.3591,0.6409
20,1995,0.3591,0.6409
20,1996,0.3591,0.6409
20,1997,0.3591,0.6409
20,1998,0.2359,0.7641
20,1999,0.2359,0.7641
20,2000,0.2359,0.7641
20,2001,0.2359,0.7641
20,2002,0.5397,0.4603
20,2003,0.5397,0.4603
20,2004,0.5397,0.4603
20,2005,0.5397,0.4603
20,2006,0.5888,0.4112
20,2007,0.5888,0.4112
20,2008,0.5888,0.4112
20,2009,0.5888,0.4112
20,2010,0.3373,0.6627
20,2014,0.480764621,0.519235379
20,2018,0.527636166,0.472363834
21,1976,0.6284,0.3716
21,1977,0.6284,0.3716
21,1978,0.6284,0.3716
21,1979,0.5941,0.4059
21,1980,0.5941,0.4059
21,1981,0.5941,0.4059
21,1982,0.5941,0.4059
21,1983,0.5522,0.4478
21,1984,0.5522,0.4478
21,1985,0.5522,0.4478
21,1986,0.5522,0.4478
21,1987,0.6485,0.3515
21,1988,0.6485,0.3515
21,1989,0.6485,0.3515
21,1990,0.6485,0.3515
21,1991,0.6473,0.3527
21,1992,0.6473,0.3527
21,1993,0.6473,0.3527
21,1994,0.6473,0.3527
21,1995,0.5171,0.4829
21,1996,0.5171,0.4829
21,1997,0.5171,0.4829
21,1998,0.5171,0.4829
21,1999,0.7322,0.2678
21,2000,0.7322,0.2678
21,2001,0.7322,0.2678
21,2002,0.7322,0.2678
21,2003,0.4496,0.5504
21,2004,0.4496,0.5504
21,2005,0.4496,0.5504
21,2006,0.4496,0.5504
21,2007,0.5871,0.4129
21,2008,0.5871,0.4129
21,2009,0.5871,0.4129
21,2010,0.5871,0.4129
21,2011,0.612235074,0.387764926
21,2015,0.454821673,0.545178327
22,1976,1,0
22,1977,1,0
22,1978,1,0
22,1979,0.4951,0.5049
22,1980,0.4951,0.5049
22,1981,0.4951,0.5049
22,1982,0.4951,0.5049
22,1983,0.6697,0.3303
22,1984,0.6697,0.3303
22,1985,0.6697,0.3303
22,1986,0.6697,0.3303
22,1987,0.642,0.358
22,1988,0.642,0.358
22,1989,0.642,0.358
22,1990,0.642,0.358
22,1991,0.6117,0.3883
22,1992,0.6117,0.3883
22,1993,0.6117,0.3883
22,1994,0.6117,0.3883
22,1995,0.365,0.635
22,1996,0.365,0.635
22,1997,0.365,0.635
22,1998,0.365,0.635
22,1999,0.322,0.678
22,2000,0.322,0.678
22,2001,0.322,0.678
22,2002,0.322,0.678
22,2003,0.5195,0.4805
22,2004,0.5195,0.4805
22,2005,0.5195,0.4805
22,2006,0.5195,0.4805
22,2007,0.2446,0.7554
22,2008,0.2446,0.7554
22,2009,0.2446,0.7554
22,2010,0.2446,0.7554
22,2011,0.299730601,0.700269399
22,2015,0.561145113,0.438854887
23,1976,0.611,0.389
23,1977,0.611,0.389
23,1978,0.5818,0.4182
23,1979,0.5818,0.4182
23,1980,0.5818,0.4182
23,1981,0.5818,0.4182
23,1982,0.6191,0.3809
23,1983,0.6191,0.3809
23,1984,0.6191,0.3809
23,1985,0.6191,0.3809
23,1986,0.4305,0.5695
23,1987,0.4305,0.5695
23,1988,0.4305,0.5695
23,1989,0.4305,0.5695
23,1990,0.4855,0.5145
23,1991,0.4855,0.5145
23,1992,0.4855,0.5145
23,1993,0.4855,0.5145
23,1994,0.5945,0.4055
23,1995,0.5945,0.4055
23,1996,0.5945,0.4055
23,1997,0.5945,0.4055
23,1998,0.3878,0.6122
23,1999,0.3878,0.6122
23,2000,0.3878,0.6122
23,2001,0.3878,0.6122
23,2002,0.532,0.468
23,2003,0.532,0.468
23,2004,0.532,0.468
23,2005,0.532,0.468
23,2006,0.5578,0.4422
23,2007,0.5578,0.4422
23,2008,0.5578,0.4422
23,2009,0.5578,0.4422
23,2010,0.3341,0.6659
23,2014,0.473728318,0.526271682
23,2018,0.541002203,0.458997797
24,1976,0.635,0.365
24,1977,0.635,0.365
24,1978,0.7098,0.2902
24,1979,0.7098,0.2902
24,1980,0.7098,0.2902
24,1981,0.7098,0.2902
24,1982,0.6199,0.3801
24,1983,0.6199,0.3801
24,1984,0.6199,0.3801
24,1985,0.6199,0.3801
24,1986,0.8237,0.1763
24,1987,0.8237,0.1763
24,1988,0.8237,0.1763
24,1989,0.8237,0.1763
24,1990,0.5977,0.4023
24,1991,0.5977,0.4023
24,1992,0.5977,0.4023
24,1993,0.5977,0.4023
24,1994,0.5021,0.4979
24,1995,0.5021,0.4979
24,1996,0.5021,0.4979
24,1997,0.5021,0.4979
24,1998,0.5229,0.4771
24,1999,0.5229,0.4771
24,2000,0.5229,0.4771
24,2001,0.5229,0.4771
24,2002,0.4805,0.5195
24,2003,0.4805,0.5195
24,2004,0.4805,0.5195
24,2005,0.4805,0.5195
24,2006,0.533,0.467
24,2007,0.533,0.467
24,2008,0.533,0.467
24,2009,0.533,0.467
24,2010,0.5738,0.4262
24,2014,0.480769569,0.519230431
24,2018,0.415754714,0.584245286
25,1976,0.5585,0.4415
25,1977,0.5585,0.4415
25,1978,0.5266,0.4734
25,1979,0.5266,0.4734
25,1980,0.5266,0.4734
25,1981,0.5266,0.4734
25,1982,0.6192,0.3808
25,1983,0.6192,0.3808
25,1984,0.6192,0.3808
25,1985,0.6192,0.3808
25,1986,0.6879,0.3121
25,1987,0.6879,0.3121
25,1988,0.6879,0.3121
25,1989,0.6879,0.3121
25,1990,0.4833,0.5167
25,1991,0.4833,0.5167
25,1992,0.4833,0.5167
25,1993,0.4833,0.5167
25,1994,0.2846,0.7154
25,1995,0.2846,0.7154
25,1996,0.2846,0.7154
25,1997,0.2846,0.7154
25,1998,0.4825,0.5175
25,1999,0.4825,0.5175
25,2000,0.4825,0.5175
25,2001,0.4825,0.5175
25,2002,0.4745,0.5255
25,2003,0.4745,0.5255
25,2004,0.4745,0.5255
25,2005,0.4745,0.5255
25,2006,0.6116,0.3884
25,2007,0.6116,0.3884
25,2008,0.6116,0.3884
25,2009,0.6116,0.3884
25,2010,0.5355,0.4645
25,2014,0.490198787,0.509801213
25,2018,0.667891588,0.332108412
26,1976,0.478,0.522
26,1977,0.478,0.522
26,1978,0.4317,0.5683
26,1979,0.4317,0.5683
26,1980,0.4317,0.5683
26,1981,0.4317,0.5683
26,1982,0.5327,0.4673
26,1983,0.5327,0.4673
26,1984,0.5327,0.4673
26,1985,0.5327,0.4673
26,1986,0.6841,0.3159
26,1987,0.6841,0.3159
26,1988,0.6841,0.3159
26,1989,0.6841,0.3159
26,1990,0.4965,0.5035
26,1991,0.4965,0.5035
26,1992,0.4965,0.5035
26,1993,0.4965,0.5035
26,1994,0.3849,0.6151
26,1995,0.3849,0.6151
26,1996,0.3849,0.6151
26,1997,0.3849,0.6151
26,1998,0.3778,0.6222
26,1999,0.3778,0.6222
26,2000,0.3778,0.6222
26,2001,0.3778,0.6222
26,2002,0.5203,0.4797
26,2003,0.5203,0.4797
26,2004,0.5203,0.4797
26,2005,0.5203,0.4797
26,2006,0.5712,0.4288
26,2007,0.5712,0.4288
26,2008,0.5712,0.4288
26,2009,0.5712,0.4288
26,2010,0.4071,0.5929
26,2014,0.47920884,0.52079116
26,2018,0.549283314,0.450716686
27,1976,0.6815,0.3185
27,1977,0.6815,0.3185
27,1978,0.4639,0.5361
27,1979,0.4639,0.5361
27,1980,0.4639,0.5361
27,1981,0.4639,0.5361
27,1982,0.5944,0.4056
27,1983,0.5944,0.4056
27,1984,0.5944,0.4056
27,1985,0.5944,0.4056
27,1986,0.5656,0.4344
27,1987,0.5656,0.4344
27,1988,0.5656,0.4344
27,1989,0.5656,0.4344
27,1990,0.4827,0.5173
27,1991,0.4827,0.5173
27,1992,0.4827,0.5173
27,1993,0.4827,0.5173
27,1994,0.3501,0.6499
27,1995,0.3501,0.6499
27,1996,0.3501,0.6499
27,1997,0.3501,0.6499
27,1998,0.4502,0.5498
27,1999,0.4502,0.5498
27,2000,0.4502,0.5498
27,2001,0.4502,0.5498
27,2002,0.4511,0.5489
27,2003,0.4511,0.5489
27,2004,0.4511,0.5489
27,2005,0.4511,0.5489
27,2006,0.4948,0.5052
27,2007,0.4948,0.5052
27,2008,0.4948,0.5052
27,2009,0.4948,0.5052
27,2010,0.5024,0.4976
27,2014,0.529398888,0.470601112
27,2018,0.559296387,0.440703613
28,1976,0.5362,0.4638
28,1977,0.5362,0.4638
28,1978,0.5362,0.4638
28,1979,0.6107,0.3893
28,1980,0.6107,0.3893
28,1981,0.6107,0.3893
28,1982,0.6107,0.3893
28,1983,0.5863,0.4137
28,1984,0.5863,0.4137
28,1985,0.5863,0.4137
28,1986,0.5863,0.4137
28,1987,0.5344,0.4656
28,1988,0.5344,0.4656
28,1989,0.5344,0.4656
28,1990,0.5344,0.4656
28,1991,0.4835,0.5165
28,1992,0.4835,0.5165
28,1993,0.4835,0.5165
28,1994,0.4835,0.5165
28,1995,0.4444,0.5556
28,1996,0.4444,0.5556
28,1997,0.4444,0.5556
28,1998,0.4444,0.5556
28,1999,0.5056,0.4944
28,2000,0.5056,0.4944
28,2001,0.5056,0.4944
28,2002,0.5056,0.4944
28,2003,0.4656,0.5344
28,2004,0.4656,0.5344
28,2005,0.4656,0.5344
28,2006,0.4656,0.5344
28,2007,0.421,0.579
28,2008,0.421,0.579
28,2009,0.421,0.579
28,2010,0.421,0.579
28,2011,0.390184092,0.609815908
28,2015,0.327022334,0.672977666
29,1976,0.5034,0.4966
29,1977,0.5034,0.4966
29,1978,0.5034,0.4966
29,1979,0.5034,0.4966
29,1980,0.4719,0.5281
29,1981,0.4719,0.5281
29,1982,0.4719,0.5281
29,1983,0.4719,0.5281
29,1984,0.4334,0.5666
29,1985,0.4334,0.5666
29,1986,0.4334,0.5666
29,1987,0.4334,0.5666
29,1988,0.3511,0.6489
29,1989,0.3511,0.6489
29,1990,0.3511,0.6489
29,1991,0.3511,0.6489
29,1992,0.5868,0.4132
29,1993,0.5868,0.4132
29,1994,0.5868,0.4132
29,1995,0.5868,0.4132
29,1996,0.5857,0.4143
29,1997,0.5857,0.4143
29,1998,0.5857,0.4143
29,1999,0.5857,0.4143
29,2000,0.5047,0.4953
29,2001,0.5047,0.4953
29,2002,0.5047,0.4953
29,2003,0.5047,0.4953
29,2004,0.4849,0.5151
29,2005,0.4849,0.5151
29,2006,0.4849,0.5151
29,2007,0.4849,0.5151
29,2008,0.5948,0.4052
29,2009,0.5948,0.4052
29,2010,0.5948,0.4052
29,2012,0.562876909,0.437123091
29,2016,0.469540256,0.530459744
30,1976,0.6278,0.3722
30,1977,0.6278,0.3722
30,1978,0.6278,0.3722
30,1979,0.6278,0.3722
30,1980,0.5536,0.4464
30,1981,0.5536,0.4464
30,1982,0.5536,0.4464
30,1983,0.5536,0.4464
30,1984,0.7271,0.2729
30,1985,0.7271,0.2729
30,1986,0.7271,0.2729
30,1987,0.7271,0.2729
30,1988,0.4704,0.5296
30,1989,0.4704,0.5296
30,1990,0.4704,0.5296
30,1991,0.4704,0.5296
30,1992,0.4865,0.5135
30,1993,0.4865,0.5135
30,1994,0.4865,0.5135
30,1995,0.4865,0.5135
30,1996,0.2083,0.7917
30,1997,0.2083,0.7917
30,1998,0.2083,0.7917
30,1999,0.2083,0.7917
30,2000,0.4801,0.5199
30,2001,0.4801,0.5199
30,2002,0.4801,0.5199
30,2003,0.4801,0.5199
30,2004,0.5229,0.4771
30,2005,0.5229,0.4771
30,2006,0.5229,0.4771
30,2007,0.5229,0.4771
30,2008,0.6682,0.3318
30,2009,0.6682,0.3318
30,2010,0.6682,0.3318
30,2012,0.508135104,0.491864896
30,2016,0.520138279,0.479861721
31,1976,NA,NA
31,1977,NA,NA
31,1978,NA,NA
31,1979,NA,NA
31,1980,NA,NA
31,1981,NA,NA
31,1982,NA,NA
31,1983,NA,NA
31,1984,NA,NA
31,1985,NA,NA
31,1986,NA,NA
31,1987,NA,NA
31,1988,NA,NA
31,1989,NA,NA
31,1990,NA,NA
31,1991,NA,NA
31,1992,NA,NA
31,1993,NA,NA
31,1994,NA,NA
31,1995,NA,NA
31,1996,NA,NA
31,1997,NA,NA
31,1998,NA,NA
31,1999,NA,NA
31,2000,NA,NA
31,2001,NA,NA
31,2002,NA,NA
31,2003,NA,NA
31,2004,NA,NA
31,2005,NA,NA
31,2006,NA,NA
31,2007,NA,NA
31,2008,NA,NA
31,2009,NA,NA
31,2010,NA,NA
31,2014,0.406996174,0.593003826
31,2018,0.409995401,0.590004599
32,1976,0.7976,0.2024
32,1977,0.7976,0.2024
32,1978,0.414,0.586
32,1979,0.414,0.586
32,1980,0.414,0.586
32,1981,0.414,0.586
32,1982,0.5614,0.4386
32,1983,0.5614,0.4386
32,1984,0.5614,0.4386
32,1985,0.5614,0.4386
32,1986,0.7421,0.2579
32,1987,0.7421,0.2579
32,1988,0.7421,0.2579
32,1989,0.7421,0.2579
32,1990,0.6864,0.3136
32,1991,0.6864,0.3136
32,1992,0.6864,0.3136
32,1993,0.6864,0.3136
32,1994,0.5605,0.4395
32,1995,0.5605,0.4395
32,1996,0.5605,0.4395
32,1997,0.5605,0.4395
32,1998,0.4488,0.5512
32,1999,0.4488,0.5512
32,2000,0.4488,0.5512
32,2001,0.4488,0.5512
32,2002,0.2438,0.7562
32,2003,0.2438,0.7562
32,2004,0.2438,0.7562
32,2005,0.2438,0.7562
32,2006,0.4782,0.5218
32,2007,0.4782,0.5218
32,2008,0.4782,0.5218
32,2009,0.4782,0.5218
32,2010,0.4382,0.5618
32,2014,0.252816877,0.747183123
32,2018,0.521561358,0.478438642
33,1976,0.4233,0.5767
33,1977,0.4233,0.5767
33,1978,0.5209,0.4791
33,1979,0.5209,0.4791
33,1980,0.5918,0.4082
33,1981,0.5918,0.4082
33,1982,0.4765,0.5235
33,1983,0.4765,0.5235
33,1984,0.3314,0.6686
33,1985,0.3314,0.6686
33,1986,0.4628,0.5372
33,1987,0.4628,0.5372
33,1988,0.3925,0.6075
33,1989,0.3925,0.6075
33,1990,0.3644,0.6356
33,1991,0.3644,0.6356
33,1992,0.4163,0.5837
33,1993,0.4163,0.5837
33,1994,0.2676,0.7324
33,1995,0.2676,0.7324
33,1996,0.5914,0.4086
33,1997,0.5914,0.4086
33,1998,0.6816,0.3184
33,1999,0.6816,0.3184
33,2000,0.5269,0.4731
33,2001,0.5269,0.4731
33,2002,0.3946,0.6054
33,2003,0.3946,0.6054
33,2004,0.5108,0.4892
33,2005,0.5108,0.4892
33,2006,0.7413,0.2587
33,2007,0.7413,0.2587
33,2008,0.7176,0.2824
33,2009,0.7176,0.2824
33,2010,0.5389,0.4611
33,2012,0.562249985,0.437750015
33,2016,0.488107063,0.511892937
33,2018,0.464251145,0.535748855
34,1976,0.6766,0.3234
34,1977,0.5713,0.4287
34,1978,0.5713,0.4287
34,1979,0.5713,0.4287
34,1980,0.5713,0.4287
34,1981,0.4996,0.5004
34,1982,0.4996,0.5004
34,1983,0.4996,0.5004
34,1984,0.4996,0.5004
34,1985,0.2965,0.7035
34,1986,0.2965,0.7035
34,1987,0.2965,0.7035
34,1988,0.2965,0.7035
34,1989,0.622,0.378
34,1990,0.622,0.378
34,1991,0.622,0.378
34,1992,0.622,0.378
34,1993,0.4947,0.5053
34,1994,0.4947,0.5053
34,1995,0.4947,0.5053
34,1996,0.4947,0.5053
34,1997,0.4943,0.5057
34,1998,0.4943,0.5057
34,1999,0.4943,0.5057
34,2000,0.4943,0.5057
34,2001,0.5752,0.4248
34,2002,0.5752,0.4248
34,2003,0.5752,0.4248
34,2004,0.5752,0.4248
34,2005,0.5541,0.4459
34,2006,0.5541,0.4459
34,2007,0.5541,0.4459
34,2008,0.5541,0.4459
34,2009,0.4808,0.5192
34,2010,0.4808,0.5192
34,2013,0.387751507,0.612248493
34,2017,0.572175776,0.427824224
35,1976,0.5058,0.4942
35,1977,0.5058,0.4942
35,1978,0.5054,0.4946
35,1979,0.5054,0.4946
35,1980,0.5054,0.4946
35,1981,0.5054,0.4946
35,1982,0.5297,0.4703
35,1983,0.5297,0.4703
35,1984,0.5297,0.4703
35,1985,0.5297,0.4703
35,1986,0.4695,0.5305
35,1987,0.4695,0.5305
35,1988,0.4695,0.5305
35,1989,0.4695,0.5305
35,1990,0.5474,0.4526
35,1991,0.5474,0.4526
35,1992,0.5474,0.4526
35,1993,0.5474,0.4526
35,1994,0.4449,0.5551
35,1995,0.4449,0.5551
35,1996,0.4449,0.5551
35,1997,0.4449,0.5551
35,1998,0.4547,0.5453
35,1999,0.4547,0.5453
35,2000,0.4547,0.5453
35,2001,0.4547,0.5453
35,2002,0.587,0.413
35,2003,0.587,0.413
35,2004,0.587,0.413
35,2005,0.587,0.413
35,2006,0.6882,0.3118
35,2007,0.6882,0.3118
35,2008,0.6882,0.3118
35,2009,0.6882,0.3118
35,2010,0.4663,0.5337
35,2014,0.42776884,0.57223116
35,2018,0.571990598,0.428009402
36,1976,0.5771,0.4229
36,1977,0.5771,0.4229
36,1978,0.5298,0.4702
36,1979,0.5298,0.4702
36,1980,0.5298,0.4702
36,1981,0.5298,0.4702
36,1982,0.5174,0.4826
36,1983,0.5174,0.4826
36,1984,0.5174,0.4826
36,1985,0.5174,0.4826
36,1986,0.6705,0.3295
36,1987,0.6705,0.3295
36,1988,0.6705,0.3295
36,1989,0.6705,0.3295
36,1990,0.7151,0.2849
36,1991,0.7151,0.2849
36,1992,0.7151,0.2849
36,1993,0.7151,0.2849
36,1994,0.4823,0.5177
36,1995,0.4823,0.5177
36,1996,0.4823,0.5177
36,1997,0.4823,0.5177
36,1998,0.3791,0.6209
36,1999,0.3791,0.6209
36,2000,0.3791,0.6209
36,2001,0.3791,0.6209
36,2002,0.4041,0.5959
36,2003,0.4041,0.5959
36,2004,0.4041,0.5959
36,2005,0.4041,0.5959
36,2006,0.7078,0.2922
36,2007,0.7078,0.2922
36,2008,0.7078,0.2922
36,2009,0.7078,0.2922
36,2010,0.6529,0.3471
36,2014,0.573841928,0.426158072
36,2018,0.622176294,0.377823706
37,1976,0.6572,0.3428
37,1977,0.6572,0.3428
37,1978,0.6572,0.3428
37,1979,0.6572,0.3428
37,1980,0.6231,0.3769
37,1981,0.6231,0.3769
37,1982,0.6231,0.3769
37,1983,0.6231,0.3769
37,1984,0.4556,0.5444
37,1985,0.4556,0.5444
37,1986,0.4556,0.5444
37,1987,0.4556,0.5444
37,1988,0.4393,0.5607
37,1989,0.4393,0.5607
37,1990,0.4393,0.5607
37,1991,0.4393,0.5607
37,1992,0.5495,0.4505
37,1993,0.5495,0.4505
37,1994,0.5495,0.4505
37,1995,0.5495,0.4505
37,1996,0.567,0.433
37,1997,0.567,0.433
37,1998,0.567,0.433
37,1999,0.567,0.433
37,2000,0.5293,0.4707
37,2001,0.5293,0.4707
37,2002,0.5293,0.4707
37,2003,0.5293,0.4707
37,2004,0.5647,0.4353
37,2005,0.5647,0.4353
37,2006,0.5647,0.4353
37,2007,0.5647,0.4353
37,2008,0.5175,0.4825
37,2009,0.5175,0.4825
37,2010,0.5175,0.4825
37,2012,0.441777953,0.558222047
37,2016,0.501115117,0.498884883
38,1976,0.5257,0.4743
38,1977,0.5257,0.4743
38,1978,0.5257,0.4743
38,1979,0.5257,0.4743
38,1980,0.4639,0.5361
38,1981,0.4639,0.5361
38,1982,0.4639,0.5361
38,1983,0.4639,0.5361
38,1984,0.5532,0.4468
38,1985,0.5532,0.4468
38,1986,0.5532,0.4468
38,1987,0.5532,0.4468
38,1988,0.5988,0.4012
38,1989,0.5988,0.4012
38,1990,0.5988,0.4012
38,1991,0.5988,0.4012
38,1992,0.4125,0.5875
38,1993,0.4125,0.5875
38,1994,0.4125,0.5875
38,1995,0.4125,0.5875
38,1996,0.3381,0.6619
38,1997,0.3381,0.6619
38,1998,0.3381,0.6619
38,1999,0.3381,0.6619
38,2000,0.4497,0.5503
38,2001,0.4497,0.5503
38,2002,0.4497,0.5503
38,2003,0.4497,0.5503
38,2004,0.2777,0.7223
38,2005,0.2777,0.7223
38,2006,0.2777,0.7223
38,2007,0.2777,0.7223
38,2008,0.2402,0.7598
38,2009,0.2402,0.7598
38,2010,0.2402,0.7598
38,2012,0.352252942,0.647747058
38,2016,0.202184098,0.797815902
39,1976,0.4981,0.5019
39,1977,0.4981,0.5019
39,1978,0.4914,0.5086
39,1979,0.4914,0.5086
39,1980,0.4914,0.5086
39,1981,0.4914,0.5086
39,1982,1,0
39,1983,1,0
39,1984,1,0
39,1985,1,0
39,1986,0.6062,0.3938
39,1987,0.6062,0.3938
39,1988,0.6062,0.3938
39,1989,0.6062,0.3938
39,1990,0.4432,0.5568
39,1991,0.4432,0.5568
39,1992,0.4432,0.5568
39,1993,0.4432,0.5568
39,1994,0.2582,0.7418
39,1995,0.2582,0.7418
39,1996,0.2582,0.7418
39,1997,0.2582,0.7418
39,1998,0.4717,0.5283
39,1999,0.4717,0.5283
39,2000,0.4717,0.5283
39,2001,0.4717,0.5283
39,2002,0.3988,0.6012
39,2003,0.3988,0.6012
39,2004,0.3988,0.6012
39,2005,0.3988,0.6012
39,2006,0.6229,0.3771
39,2007,0.6229,0.3771
39,2008,0.6229,0.3771
39,2009,0.6229,0.3771
39,2010,0.4896,0.5104
39,2014,0.341668339,0.658331661
39,2018,0.480921046,0.519078954
40,1976,0.6391,0.3609
40,1977,0.6391,0.3609
40,1978,0.5229,0.4771
40,1979,0.5229,0.4771
40,1980,0.5229,0.4771
40,1981,0.5229,0.4771
40,1982,0.6226,0.3774
40,1983,0.6226,0.3774
40,1984,0.6226,0.3774
40,1985,0.6226,0.3774
40,1986,0.4838,0.5162
40,1987,0.4838,0.5162
40,1988,0.4838,0.5162
40,1989,0.4838,0.5162
40,1990,0.6374,0.3626
40,1991,0.6374,0.3626
40,1992,0.6374,0.3626
40,1993,0.6374,0.3626
40,1994,0.3872,0.6128
40,1995,0.3872,0.6128
40,1996,0.3872,0.6128
40,1997,0.3872,0.6128
40,1998,0.4143,0.5857
40,1999,0.4143,0.5857
40,2000,0.4143,0.5857
40,2001,0.4143,0.5857
40,2002,0.5039,0.4961
40,2003,0.5039,0.4961
40,2004,0.5039,0.4961
40,2005,0.5039,0.4961
40,2006,0.665,0.335
40,2007,0.665,0.335
40,2008,0.665,0.335
40,2009,0.665,0.335
40,2010,0.3955,0.6045
40,2014,0.42357336,0.57642664
40,2018,0.437320174,0.562679826
41,1976,0.5777,0.4223
41,1977,0.5777,0.4223
41,1978,0.451,0.549
41,1979,0.451,0.549
41,1980,0.451,0.549
41,1981,0.451,0.549
41,1982,0.3691,0.6309
41,1983,0.3691,0.6309
41,1984,0.3691,0.6309
41,1985,0.3691,0.6309
41,1986,0.5201,0.4799
41,1987,0.5201,0.4799
41,1988,0.5201,0.4799
41,1989,0.5201,0.4799
41,1990,0.5336,0.4664
41,1991,0.5336,0.4664
41,1992,0.5336,0.4664
41,1993,0.5336,0.4664
41,1994,0.5457,0.4543
41,1995,0.5457,0.4543
41,1996,0.5457,0.4543
41,1997,0.5457,0.4543
41,1998,0.6822,0.3178
41,1999,0.6822,0.3178
41,2000,0.6822,0.3178
41,2001,0.6822,0.3178
41,2002,0.5151,0.4849
41,2003,0.5151,0.4849
41,2004,0.5151,0.4849
41,2005,0.5151,0.4849
41,2006,0.5427,0.4573
41,2007,0.5427,0.4573
41,2008,0.5427,0.4573
41,2009,0.5427,0.4573
41,2010,0.5079,0.4921
41,2014,0.530644708,0.469355292
41,2016,0.537723084,0.462276916
42,1976,0.5433,0.4567
42,1977,0.5433,0.4567
42,1978,0.4692,0.5308
42,1979,0.4692,0.5308
42,1980,0.4692,0.5308
42,1981,0.4692,0.5308
42,1982,0.4862,0.5138
42,1983,0.4862,0.5138
42,1984,0.4862,0.5138
42,1985,0.4862,0.5138
42,1986,0.5141,0.4859
42,1987,0.5141,0.4859
42,1988,0.5141,0.4859
42,1989,0.5141,0.4859
42,1990,0.6765,0.3235
42,1991,0.6765,0.3235
42,1992,0.6765,0.3235
42,1993,0.6765,0.3235
42,1994,0.4682,0.5318
42,1995,0.4682,0.5318
42,1996,0.4682,0.5318
42,1997,0.4682,0.5318
42,1998,0.3509,0.6491
42,1999,0.3509,0.6491
42,2000,0.3509,0.6491
42,2001,0.3509,0.6491
42,2002,0.5462,0.4538
42,2003,0.5462,0.4538
42,2004,0.5462,0.4538
42,2005,0.5462,0.4538
42,2006,0.6036,0.3964
42,2007,0.6036,0.3964
42,2008,0.6036,0.3964
42,2009,0.6036,0.3964
42,2010,0.4551,0.5449
42,2014,0.549321685,0.450678315
42,2018,0.586694773,0.413305227
44,1976,0.5508,0.4492
44,1977,0.5508,0.4492
44,1978,0.6714,0.3286
44,1979,0.6714,0.3286
44,1980,0.7371,0.2629
44,1981,0.7371,0.2629
44,1982,0.7564,0.2436
44,1983,0.7564,0.2436
44,1984,0.3999,0.6001
44,1985,0.3999,0.6001
44,1986,0.3335,0.6665
44,1987,0.3335,0.6665
44,1988,0.4917,0.5083
44,1989,0.4917,0.5083
44,1990,0.7415,0.2585
44,1991,0.7415,0.2585
44,1992,0.6424,0.3576
44,1993,0.6424,0.3576
44,1994,0.4789,0.5211
44,1995,0.4789,0.5211
44,1996,0.4789,0.5211
44,1997,0.4789,0.5211
44,1998,0.4525,0.5475
44,1999,0.4525,0.5475
44,2000,0.4525,0.5475
44,2001,0.4525,0.5475
44,2002,0.4524,0.5476
44,2003,0.4524,0.5476
44,2004,0.4524,0.5476
44,2005,0.4524,0.5476
44,2006,0.4899,0.5101
44,2007,0.4899,0.5101
44,2008,0.4899,0.5101
44,2009,0.4899,0.5101
44,2010,0.4071,0.5929
44,2014,0.529020122,0.470979878
44,2018,0.586066131,0.413933869
45,1976,0.4833,0.5167
45,1977,0.4833,0.5167
45,1978,0.619,0.381
45,1979,0.619,0.381
45,1980,0.619,0.381
45,1981,0.619,0.381
45,1982,0.698,0.302
45,1983,0.698,0.302
45,1984,0.698,0.302
45,1985,0.698,0.302
45,1986,0.4844,0.5156
45,1987,0.4844,0.5156
45,1988,0.4844,0.5156
45,1989,0.4844,0.5156
45,1990,0.2862,0.7138
45,1991,0.2862,0.7138
45,1992,0.2862,0.7138
45,1993,0.2862,0.7138
45,1994,0.4871,0.5129
45,1995,0.4871,0.5129
45,1996,0.4871,0.5129
45,1997,0.4871,0.5129
45,1998,0.5408,0.4592
45,1999,0.5408,0.4592
45,2000,0.5408,0.4592
45,2001,0.5408,0.4592
45,2002,0.471,0.529
45,2003,0.471,0.529
45,2004,0.471,0.529
45,2005,0.471,0.529
45,2006,0.4483,0.5517
45,2007,0.4483,0.5517
45,2008,0.4483,0.5517
45,2009,0.4483,0.5517
45,2010,0.4773,0.5227
45,2014,0.425594755,0.574405245
45,2018,0.459789484,0.540210516
46,1976,0.5362,0.4638
46,1977,0.5362,0.4638
46,1978,0.4337,0.5663
46,1979,0.4337,0.5663
46,1980,0.4337,0.5663
46,1981,0.4337,0.5663
46,1982,0.2913,0.7087
46,1983,0.2913,0.7087
46,1984,0.2913,0.7087
46,1985,0.2913,0.7087
46,1986,0.4819,0.5181
46,1987,0.4819,0.5181
46,1988,0.4819,0.5181
46,1989,0.4819,0.5181
46,1990,0.4105,0.5895
46,1991,0.4105,0.5895
46,1992,0.4105,0.5895
46,1993,0.4105,0.5895
46,1994,0.4226,0.5774
46,1995,0.4226,0.5774
46,1996,0.4226,0.5774
46,1997,0.4226,0.5774
46,1998,0.3391,0.6609
46,1999,0.3391,0.6609
46,2000,0.3391,0.6609
46,2001,0.3391,0.6609
46,2002,0.4248,0.5752
46,2003,0.4248,0.5752
46,2004,0.4248,0.5752
46,2005,0.4248,0.5752
46,2006,0.3693,0.6307
46,2007,0.3693,0.6307
46,2008,0.3693,0.6307
46,2009,0.3693,0.6307
46,2010,0.3849,0.6151
46,2014,0.265195883,0.734804117
46,2018,0.482725674,0.517274326
47,1976,0.5588,0.4412
47,1977,0.5588,0.4412
47,1978,0.4416,0.5584
47,1979,0.4416,0.5584
47,1980,0.4416,0.5584
47,1981,0.4416,0.5584
47,1982,0.4043,0.5957
47,1983,0.4043,0.5957
47,1984,0.4043,0.5957
47,1985,0.4043,0.5957
47,1986,0.5426,0.4574
47,1987,0.5426,0.4574
47,1988,0.5426,0.4574
47,1989,0.5426,0.4574
47,1990,0.6243,0.3757
47,1991,0.6243,0.3757
47,1992,0.6243,0.3757
47,1993,0.6243,0.3757
47,1994,0.4515,0.5485
47,1995,0.4515,0.5485
47,1996,0.4515,0.5485
47,1997,0.4515,0.5485
47,1998,0.3005,0.6995
47,1999,0.3005,0.6995
47,2000,0.3005,0.6995
47,2001,0.3005,0.6995
47,2002,0.5155,0.4845
47,2003,0.5155,0.4845
47,2004,0.5155,0.4845
47,2005,0.5155,0.4845
47,2006,0.6976,0.3024
47,2007,0.6976,0.3024
47,2008,0.6976,0.3024
47,2009,0.6976,0.3024
47,2010,0.3372,0.6628
47,2014,0.245225145,0.754774855
47,2018,0.39294647,0.60705353
48,1976,0.6638,0.3362
48,1977,0.6638,0.3362
48,1978,0.4964,0.5036
48,1979,0.4964,0.5036
48,1980,0.4964,0.5036
48,1981,0.4964,0.5036
48,1982,0.5365,0.4635
48,1983,0.5365,0.4635
48,1984,0.5365,0.4635
48,1985,0.5365,0.4635
48,1986,0.4663,0.5337
48,1987,0.4663,0.5337
48,1988,0.4663,0.5337
48,1989,0.4663,0.5337
48,1990,0.5123,0.4877
48,1991,0.5123,0.4877
48,1992,0.5123,0.4877
48,1993,0.5123,0.4877
48,1994,0.4618,0.5382
48,1995,0.4618,0.5382
48,1996,0.4618,0.5382
48,1997,0.4618,0.5382
48,1998,0.3136,0.6864
48,1999,0.3136,0.6864
48,2000,0.3136,0.6864
48,2001,0.3136,0.6864
48,2002,0.4087,0.5913
48,2003,0.4087,0.5913
48,2004,0.4087,0.5913
48,2005,0.4087,0.5913
48,2006,0.4329,0.5671
48,2007,0.4329,0.5671
48,2008,0.4329,0.5671
48,2009,0.4329,0.5671
48,2010,0.4349,0.5651
48,2014,0.396273604,0.603726396
48,2018,0.432365807,0.567634193
49,1976,0.5309,0.4691
49,1977,0.5309,0.4691
49,1978,0.5309,0.4691
49,1979,0.5309,0.4691
49,1980,0.5539,0.4461
49,1981,0.5539,0.4461
49,1982,0.5539,0.4461
49,1983,0.5539,0.4461
49,1984,0.4393,0.5607
49,1985,0.4393,0.5607
49,1986,0.4393,0.5607
49,1987,0.4393,0.5607
49,1988,0.4891,0.5109
49,1989,0.4891,0.5109
49,1990,0.4891,0.5109
49,1991,0.4891,0.5109
49,1992,0.3551,0.6449
49,1993,0.3551,0.6449
49,1994,0.3551,0.6449
49,1995,0.3551,0.6449
49,1996,0.2372,0.7628
49,1997,0.2372,0.7628
49,1998,0.2372,0.7628
49,1999,0.2372,0.7628
49,2000,0.4311,0.5689
49,2001,0.4311,0.5689
49,2002,0.4311,0.5689
49,2003,0.4311,0.5689
49,2004,0.4173,0.5827
49,2005,0.4173,0.5827
49,2006,0.4173,0.5827
49,2007,0.4173,0.5827
49,2008,0.2026,0.7974
49,2009,0.2026,0.7974
49,2010,0.3324,0.6676
49,2012,0.287329722,0.712670278
49,2012,0.332437637,0.667562363
49,2016,0.300442564,0.699557436
50,1976,0.4312,0.5688
50,1977,0.4312,0.5688
50,1978,0.3521,0.6479
50,1979,0.3521,0.6479
50,1980,0.3857,0.6143
50,1981,0.3857,0.6143
50,1982,0.4441,0.5559
50,1983,0.4441,0.5559
50,1984,0.508,0.492
50,1985,0.508,0.492
50,1986,0.5514,0.4486
50,1987,0.5514,0.4486
50,1988,0.561,0.439
50,1989,0.561,0.439
50,1990,0.4705,0.5295
50,1991,0.4705,0.5295
50,1992,0.7643,0.2357
50,1993,0.7643,0.2357
50,1994,0.7833,0.2167
50,1995,0.7833,0.2167
50,1996,0.7585,0.2415
50,1997,0.7585,0.2415
50,1998,0.5751,0.4249
50,1999,0.5751,0.4249
50,2000,0.5707,0.4293
50,2001,0.5707,0.4293
50,2002,0.4854,0.5146
50,2003,0.4854,0.5146
50,2004,0.3926,0.6074
50,2005,0.3926,0.6074
50,2006,0.4221,0.5779
50,2007,0.4221,0.5779
50,2008,0.2897,0.7103
50,2009,0.2897,0.7103
50,2010,0.5092,0.4908
50,2012,0.606161405,0.393838595
50,2014,0.506891904,0.493108096
50,2016,0.454971085,0.545028915
50,2018,0.421776327,0.578223673
51,1976,0,1
51,1977,0.4373,0.5627
51,1978,0.4373,0.5627
51,1979,0.4373,0.5627
51,1980,0.4373,0.5627
51,1981,0.5356,0.4644
51,1982,0.5356,0.4644
51,1983,0.5356,0.4644
51,1984,0.5356,0.4644
51,1985,0.5296,0.4704
51,1986,0.5296,0.4704
51,1987,0.5296,0.4704
51,1988,0.5296,0.4704
51,1989,0.5019,0.4981
51,1990,0.5019,0.4981
51,1991,0.5019,0.4981
51,1992,0.5019,0.4981
51,1993,0.4124,0.5876
51,1994,0.4124,0.5876
51,1995,0.4124,0.5876
51,1996,0.4124,0.5876
51,1997,0.4326,0.5674
51,1998,0.4326,0.5674
51,1999,0.4326,0.5674
51,2000,0.4326,0.5674
51,2001,0.5259,0.4741
51,2002,0.5259,0.4741
51,2003,0.5259,0.4741
51,2004,0.5259,0.4741
51,2005,0.5293,0.4707
51,2006,0.5293,0.4707
51,2007,0.5293,0.4707
51,2008,0.5293,0.4707
51,2009,0.4128,0.5872
51,2010,0.4128,0.5872
51,2013,0.513545638,0.486454362
51,2017,0.54515522,0.45484478
53,1976,0.5447,0.4553
53,1977,0.5447,0.4553
53,1978,0.5447,0.4553
53,1979,0.5447,0.4553
53,1980,0.4332,0.5668
53,1981,0.4332,0.5668
53,1982,0.4332,0.5668
53,1983,0.4332,0.5668
53,1984,0.5331,0.4669
53,1985,0.5331,0.4669
53,1986,0.5331,0.4669
53,1987,0.5331,0.4669
53,1988,0.6221,0.3779
53,1989,0.6221,0.3779
53,1990,0.6221,0.3779
53,1991,0.6221,0.3779
53,1992,0.5216,0.4784
53,1993,0.5216,0.4784
53,1994,0.5216,0.4784
53,1995,0.5216,0.4784
53,1996,0.5796,0.4204
53,1997,0.5796,0.4204
53,1998,0.5796,0.4204
53,1999,0.5796,0.4204
53,2000,0.5954,0.4046
53,2001,0.5954,0.4046
53,2002,0.5954,0.4046
53,2003,0.5954,0.4046
53,2004,0.5,0.5
53,2005,0.5,0.5
53,2006,0.5,0.5
53,2007,0.5,0.5
53,2008,0.5324,0.4676
53,2009,0.5324,0.4676
53,2010,0.5324,0.4676
53,2012,0.515394913,0.484605087
53,2016,0.543896473,0.456103527
54,1976,0.6617,0.3383
54,1977,0.6617,0.3383
54,1978,0.6617,0.3383
54,1979,0.6617,0.3383
54,1980,0.5437,0.4563
54,1981,0.5437,0.4563
54,1982,0.5437,0.4563
54,1983,0.5437,0.4563
54,1984,0.4674,0.5326
54,1985,0.4674,0.5326
54,1986,0.4674,0.5326
54,1987,0.4674,0.5326
54,1988,0.5887,0.4113
54,1989,0.5887,0.4113
54,1990,0.5887,0.4113
54,1991,0.5887,0.4113
54,1992,0.6051,0.3949
54,1993,0.6051,0.3949
54,1994,0.6051,0.3949
54,1995,0.6051,0.3949
54,1996,0.4701,0.5299
54,1997,0.4701,0.5299
54,1998,0.4701,0.5299
54,1999,0.4701,0.5299
54,2000,0.515,0.485
54,2001,0.515,0.485
54,2002,0.515,0.485
54,2003,0.515,0.485
54,2004,0.6513,0.3487
54,2005,0.6513,0.3487
54,2006,0.6513,0.3487
54,2007,0.6513,0.3487
54,2008,0.7307,0.2693
54,2009,0.7307,0.2693
54,2010,0.7307,0.2693
54,2012,0.525187121,0.474812879
54,2016,0.537110186,0.462889814
55,1976,0.5594,0.4406
55,1977,0.5594,0.4406
55,1978,0.4523,0.5477
55,1979,0.4523,0.5477
55,1980,0.4523,0.5477
55,1981,0.4523,0.5477
55,1982,0.575,0.425
55,1983,0.575,0.425
55,1984,0.575,0.425
55,1985,0.575,0.425
55,1986,0.4671,0.5329
55,1987,0.4671,0.5329
55,1988,0.4671,0.5329
55,1989,0.4671,0.5329
55,1990,0.418,0.582
55,1991,0.418,0.582
55,1992,0.418,0.582
55,1993,0.418,0.582
55,1994,0.3147,0.6853
55,1995,0.3147,0.6853
55,1996,0.3147,0.6853
55,1997,0.3147,0.6853
55,1998,0.3934,0.6066
55,1999,0.3934,0.6066
55,2000,0.3934,0.6066
55,2001,0.3934,0.6066
55,2002,0.5214,0.4786
55,2003,0.5214,0.4786
55,2004,0.5214,0.4786
55,2005,0.5214,0.4786
55,2006,0.5377,0.4623
55,2007,0.5377,0.4623
55,2008,0.5377,0.4623
55,2009,0.5377,0.4623
55,2010,0.4708,0.5292
55,2014,0.471293564,0.528706436
55,2018,0.505578977,0.494421023
56,1976,0.5588,0.4412
56,1977,0.5588,0.4412
56,1978,0.5086,0.4914
56,1979,0.5086,0.4914
56,1980,0.5086,0.4914
56,1981,0.5086,0.4914
56,1982,0.6314,0.3686
56,1983,0.6314,0.3686
56,1984,0.6314,0.3686
56,1985,0.6314,0.3686
56,1986,0.5426,0.4574
56,1987,0.5426,0.4574
56,1988,0.5426,0.4574
56,1989,0.5426,0.4574
56,1990,0.6515,0.3485
56,1991,0.6515,0.3485
56,1992,0.6515,0.3485
56,1993,0.6515,0.3485
56,1994,0.4069,0.5931
56,1995,0.4069,0.5931
56,1996,0.4069,0.5931
56,1997,0.4069,0.5931
56,1998,0.4212,0.5788
56,1999,0.4212,0.5788
56,2000,0.4212,0.5788
56,2001,0.4212,0.5788
56,2002,0.5104,0.4896
56,2003,0.5104,0.4896
56,2004,0.5104,0.4896
56,2005,0.5104,0.4896
56,2006,0.6999,0.3001
56,2007,0.6999,0.3001
56,2008,0.6999,0.3001
56,2009,0.6999,0.3001
56,2010,0.2589,0.7411
56,2014,0.314550505,0.685449495
56,2018,0.290913155,0.709086845
